{"cameraMode":{"drawMode":0,"name":"Shaded","section":"Shading Mode"},"sceneLighting":false,"audioPlay":false,"sceneViewState":{"m_AlwaysRefresh":false,"showFog":true,"showSkybox":false,"showFlares":true,"showImageEffects":true,"showParticleSystems":true,"showVisualEffectGraphs":true,"m_FxEnabled":true},"in2DMode":false,"pivot":{"x":0.06375068426132202,"y":-0.026365727186203004,"z":0.0641569197177887},"rotation":{"x":-0.21167144179344178,"y":0.2180669754743576,"z":-0.04391496255993843,"w":-0.9529315829277039},"size":0.44123104214668276,"orthographic":false}