{"cameraMode":{"drawMode":0,"name":"Shaded","section":"Shading Mode"},"sceneLighting":false,"audioPlay":false,"sceneViewState":{"m_AlwaysRefresh":false,"showFog":true,"showSkybox":false,"showFlares":true,"showImageEffects":true,"showParticleSystems":true,"showVisualEffectGraphs":true,"m_FxEnabled":true},"in2DMode":false,"pivot":{"x":-0.002007782459259033,"y":-0.23977123200893403,"z":-0.029999999329447748},"rotation":{"x":-0.06928668171167374,"y":0.08017171919345856,"z":-0.0007480980129912496,"w":-0.9955699443817139},"size":0.3153280019760132,"orthographic":false}