{"cameraMode":{"drawMode":0,"name":"Shaded","section":"Shading Mode"},"sceneLighting":true,"audioPlay":false,"sceneViewState":{"m_AlwaysRefresh":false,"showFog":true,"showSkybox":true,"showFlares":true,"showImageEffects":true,"showParticleSystems":true,"showVisualEffectGraphs":true,"m_FxEnabled":true},"in2DMode":false,"pivot":{"x":-0.5017261505126953,"y":0.8818092346191406,"z":1.5026710033416749},"rotation":{"x":0.25748562812805178,"y":0.16514907777309419,"z":-0.044568128883838657,"w":0.9513198137283325},"size":1.743255853652954,"orthographic":false}