{"cameraMode":{"drawMode":0,"name":"Shaded","section":"Shading Mode"},"sceneLighting":true,"audioPlay":false,"sceneViewState":{"m_AlwaysRefresh":false,"showFog":true,"showSkybox":true,"showFlares":true,"showImageEffects":true,"showParticleSystems":true,"showVisualEffectGraphs":true,"m_FxEnabled":true},"in2DMode":false,"pivot":{"x":-0.34216225147247317,"y":1.2915186882019044,"z":1.7621333599090577},"rotation":{"x":0.19980140030384065,"y":0.044944070279598239,"z":-0.009068219922482968,"w":0.9790552258491516},"size":2.5642077922821047,"orthographic":false}