{"cameraMode":{"drawMode":0,"name":"Shaded","section":"Shading Mode"},"sceneLighting":false,"audioPlay":false,"sceneViewState":{"m_AlwaysRefresh":false,"showFog":true,"showSkybox":false,"showFlares":true,"showImageEffects":true,"showParticleSystems":true,"showVisualEffectGraphs":true,"m_FxEnabled":true},"in2DMode":false,"pivot":{"x":-0.07428061962127686,"y":-0.38860654830932619,"z":0.05264568328857422},"rotation":{"x":-0.061316315084695819,"y":-0.20939098298549653,"z":0.029438482597470285,"w":-0.97697514295578},"size":1.645068645477295,"orthographic":false}