{"cameraMode":{"drawMode":0,"name":"Shaded","section":"Shading Mode"},"sceneLighting":false,"audioPlay":false,"sceneViewState":{"m_AlwaysRefresh":false,"showFog":true,"showSkybox":false,"showFlares":true,"showImageEffects":true,"showParticleSystems":true,"showVisualEffectGraphs":true,"m_FxEnabled":true},"in2DMode":false,"pivot":{"x":0.0007113814353942871,"y":-0.24365074932575227,"z":-0.029999999329447748},"rotation":{"x":-0.13528035581111909,"y":0.16853952407836915,"z":-0.01774710975587368,"w":-0.977421760559082},"size":0.313761442899704,"orthographic":false}