{"cameraMode":{"drawMode":0,"name":"Shaded","section":"Shading Mode"},"sceneLighting":true,"audioPlay":false,"sceneViewState":{"m_AlwaysRefresh":false,"showFog":true,"showSkybox":true,"showFlares":true,"showImageEffects":true,"showParticleSystems":true,"showVisualEffectGraphs":true,"m_FxEnabled":true},"in2DMode":false,"pivot":{"x":2.2352914810180666,"y":-1.4479665756225587,"z":-3.1892828941345217},"rotation":{"x":-0.015574361197650433,"y":-0.9471587538719177,"z":0.11222098022699356,"w":-0.3055567741394043},"size":10.645956039428711,"orthographic":false}