{"cameraMode":{"drawMode":0,"name":"Shaded","section":"Shading Mode"},"sceneLighting":false,"audioPlay":false,"sceneViewState":{"m_AlwaysRefresh":false,"showFog":true,"showSkybox":false,"showFlares":true,"showImageEffects":true,"showParticleSystems":true,"showVisualEffectGraphs":true,"m_FxEnabled":true},"in2DMode":false,"pivot":{"x":0.32140156626701357,"y":-0.29363811016082766,"z":-0.0054912567138671879},"rotation":{"x":-0.02175561711192131,"y":0.04317767545580864,"z":0.01422051340341568,"w":-1.000198245048523},"size":1.4297828674316407,"orthographic":false}