{"cameraMode":{"drawMode":0,"name":"Shaded","section":"Shading Mode"},"sceneLighting":false,"audioPlay":false,"sceneViewState":{"m_AlwaysRefresh":false,"showFog":true,"showSkybox":false,"showFlares":true,"showImageEffects":true,"showParticleSystems":true,"showVisualEffectGraphs":true,"m_FxEnabled":true},"in2DMode":false,"pivot":{"x":-0.0074914246797561649,"y":-0.02034154161810875,"z":0.01606510579586029},"rotation":{"x":0.09136548638343811,"y":0.896731436252594,"z":-0.2116842418909073,"w":0.3782886564731598},"size":0.12059807777404785,"orthographic":false}