{"cameraMode":{"drawMode":0,"name":"Shaded","section":"Shading Mode"},"sceneLighting":false,"audioPlay":false,"sceneViewState":{"m_AlwaysRefresh":false,"showFog":true,"showSkybox":false,"showFlares":true,"showImageEffects":true,"showParticleSystems":true,"showVisualEffectGraphs":true,"m_FxEnabled":true},"in2DMode":false,"pivot":{"x":0.904715895652771,"y":0.3602786064147949,"z":-0.028208240866661073},"rotation":{"x":-0.0007833680137991905,"y":1.0003769397735596,"z":0.007449996657669544,"w":-0.041745588183403018},"size":0.627045750617981,"orthographic":false}