{"cameraMode":{"drawMode":0,"name":"Shaded","section":"Shading Mode"},"sceneLighting":false,"audioPlay":false,"sceneViewState":{"m_AlwaysRefresh":false,"showFog":true,"showSkybox":false,"showFlares":true,"showImageEffects":true,"showParticleSystems":true,"showVisualEffectGraphs":true,"m_FxEnabled":true},"in2DMode":false,"pivot":{"x":-0.09507258236408234,"y":0.0065079499036073689,"z":-0.030497800558805467},"rotation":{"x":-0.003416996682062745,"y":-0.9771852493286133,"z":0.005499463528394699,"w":-0.21357707679271699},"size":0.1294735074043274,"orthographic":false}