{"cameraMode":{"drawMode":0,"name":"Shaded","section":"Shading Mode"},"sceneLighting":false,"audioPlay":false,"sceneViewState":{"m_AlwaysRefresh":false,"showFog":true,"showSkybox":false,"showFlares":true,"showImageEffects":true,"showParticleSystems":true,"showVisualEffectGraphs":true,"m_FxEnabled":true},"in2DMode":false,"pivot":{"x":0.1058097556233406,"y":0.003555482253432274,"z":0.010896733030676842},"rotation":{"x":0.33866196870803835,"y":-0.34287458658218386,"z":0.13634492456912995,"w":0.865868091583252},"size":0.14226438105106355,"orthographic":false}