{"cameraMode":{"drawMode":0,"name":"Shaded","section":"Shading Mode"},"sceneLighting":false,"audioPlay":false,"sceneViewState":{"m_AlwaysRefresh":false,"showFog":true,"showSkybox":false,"showFlares":true,"showImageEffects":true,"showParticleSystems":true,"showVisualEffectGraphs":true,"m_FxEnabled":true},"in2DMode":false,"pivot":{"x":0.4206768572330475,"y":0.23975133895874024,"z":0.03232455253601074},"rotation":{"x":0.1881522536277771,"y":0.019149141386151315,"z":-0.0036634444259107115,"w":0.9819808602333069},"size":1.2647876739501954,"orthographic":false}