{"cameraMode":{"drawMode":0,"name":"Shaded","section":"Shading Mode"},"sceneLighting":false,"audioPlay":false,"sceneViewState":{"m_AlwaysRefresh":false,"showFog":true,"showSkybox":false,"showFlares":true,"showImageEffects":true,"showParticleSystems":true,"showVisualEffectGraphs":true,"m_FxEnabled":true},"in2DMode":false,"pivot":{"x":1.2291295528411866,"y":0.09528715908527374,"z":0.3368191719055176},"rotation":{"x":-0.06903969496488571,"y":0.1199842095375061,"z":0.007634351029992104,"w":-0.9918381571769714},"size":0.8942312598228455,"orthographic":false}