{"cameraMode":{"drawMode":0,"name":"Shaded","section":"Shading Mode"},"sceneLighting":false,"audioPlay":false,"sceneViewState":{"m_AlwaysRefresh":false,"showFog":true,"showSkybox":false,"showFlares":true,"showImageEffects":true,"showParticleSystems":true,"showVisualEffectGraphs":true,"m_FxEnabled":true},"in2DMode":false,"pivot":{"x":0.7556080222129822,"y":0.04289376735687256,"z":0.2030351161956787},"rotation":{"x":-0.06448807567358017,"y":0.11546243727207184,"z":0.008032530546188355,"w":-0.9926693439483643},"size":2.025235414505005,"orthographic":false}