{"cameraMode":{"drawMode":0,"name":"Shaded","section":"Shading Mode"},"sceneLighting":true,"audioPlay":false,"sceneViewState":{"m_AlwaysRefresh":false,"showFog":true,"showSkybox":true,"showFlares":true,"showImageEffects":true,"showParticleSystems":true,"showVisualEffectGraphs":true,"m_FxEnabled":true},"in2DMode":false,"pivot":{"x":-0.02628915011882782,"y":0.9747592210769653,"z":1.0565520524978638},"rotation":{"x":-0.189149409532547,"y":0.04892146587371826,"z":-0.009933127090334893,"w":-0.9809945821762085},"size":1.3952443599700928,"orthographic":false}