{"cameraMode":{"drawMode":0,"name":"Shaded","section":"Shading Mode"},"sceneLighting":true,"audioPlay":false,"sceneViewState":{"m_AlwaysRefresh":false,"showFog":true,"showSkybox":true,"showFlares":true,"showImageEffects":true,"showParticleSystems":true,"showVisualEffectGraphs":true,"m_FxEnabled":true},"in2DMode":false,"pivot":{"x":1.8450288772583008,"y":0.029965519905090333,"z":-0.333298921585083},"rotation":{"x":0.12482007592916489,"y":-0.8040391206741333,"z":0.18174993991851808,"w":0.5521905422210693},"size":1.6210250854492188,"orthographic":false}