{"cameraMode":{"drawMode":0,"name":"Shaded","section":"Shading Mode"},"sceneLighting":true,"audioPlay":false,"sceneViewState":{"m_AlwaysRefresh":false,"showFog":true,"showSkybox":true,"showFlares":true,"showImageEffects":true,"showParticleSystems":true,"showVisualEffectGraphs":true,"m_FxEnabled":true},"in2DMode":false,"pivot":{"x":-0.15340709686279298,"y":1.0498007535934449,"z":0.9032703638076782},"rotation":{"x":-0.25139209628105166,"y":0.3701237738132477,"z":-0.10540082305669785,"w":-0.8884291052818298},"size":1.061988115310669,"orthographic":false}